,TILE_X0|_Y0|_PE_MEM_X0|_Y0|-T0,TILE_X0|_Y0|_PE_MEM_X0|_Y1|-T0,TILE_X1|_Y0|_PE_MEM_X0|_Y0|-T0,TILE_X1|_Y0|_PE_MEM_X0|_Y1|-T0,TILE_X0|_Y1|_PE_MEM_X0|_Y0|-T0,TILE_X0|_Y1|_PE_MEM_X0|_Y1|-T0,TILE_X1|_Y1|_PE_MEM_X0|_Y0|-T0,TILE_X1|_Y1|_PE_MEM_X0|_Y1|-T0,TILE_X0|_Y0|_PE_R1_X1|_Y0|-T0,TILE_X1|_Y0|_PE_R1_X1|_Y0|-T0,TILE_X0|_Y1|_PE_R1_X1|_Y0|-T0,TILE_X1|_Y1|_PE_R1_X1|_Y0|-T0,TILE_X0|_Y0|_PE_R2_X1|_Y1|-T0,TILE_X1|_Y0|_PE_R2_X1|_Y1|-T0,TILE_X0|_Y1|_PE_R2_X1|_Y1|-T0,TILE_X1|_Y1|_PE_R2_X1|_Y1|-T0,
,FU0,FU0,FU0,FU0,FU0,FU0,FU0,FU0,FU0,FU0,FU0,FU0,FU0,FU0,FU0,FU0,
,DP0,DP0,DP0,DP0,DP0,DP0,DP0,DP0,DP0,DP0,DP0,DP0,DP0,DP0,DP0,DP0,
T=0,---,---,---,---,---,---,---,---,---,---,0: 4,---,---,---,---,---,
T=1,---,---,---,---,---,---,4: 1,---,10: 1,---,1: 5,---,---,---,---,---,
T=2,---,---,---,---,---,---,---,---,20008: 2,---,2: 6,---,---,---,---,---,
T=3,---,---,---,9: 3,---,---,20007: 7,---,6: 7,---,5: 3,---,---,---,---,---,
************************************
***************Schedule:*********************
L=0,---,---,---,---,---,---,---,---,---,---,---,---,---,---,---,---,
L=1,---,---,---,---,---,---,4,---,10,---,---,---,---,---,---,---,
L=2,---,---,---,---,---,---,---,---,20008,---,---,---,---,---,---,---,
L=3,---,---,---,9,---,---,---,---,---,---,5,---,---,---,---,---,
L=4,---,---,---,---,---,---,---,---,---,---,0,---,---,---,---,---,
L=5,---,---,---,---,---,---,---,---,---,---,1,---,---,---,---,---,
L=6,---,---,---,---,---,---,---,---,---,---,2,---,---,---,---,---,
L=7,---,---,---,---,---,---,20007,---,6,---,---,---,---,---,---,---,
