,TILE_X0|_Y0|_PE_MEM_X0|_Y0|-T0,TILE_X1|_Y0|_PE_MEM_X0|_Y0|-T0,TILE_X0|_Y1|_PE_MEM_X0|_Y0|-T0,TILE_X1|_Y1|_PE_MEM_X0|_Y0|-T0,TILE_X0|_Y2|_PE_MEM_X0|_Y0|-T0,TILE_X1|_Y2|_PE_MEM_X0|_Y0|-T0,TILE_X0|_Y3|_PE_MEM_X0|_Y0|-T0,TILE_X1|_Y3|_PE_MEM_X0|_Y0|-T0,TILE_X0|_Y0|_PE_R1_X1|_Y0|-T0,TILE_X1|_Y0|_PE_R1_X1|_Y0|-T0,TILE_X0|_Y1|_PE_R1_X1|_Y0|-T0,TILE_X1|_Y1|_PE_R1_X1|_Y0|-T0,TILE_X0|_Y2|_PE_R1_X1|_Y0|-T0,TILE_X1|_Y2|_PE_R1_X1|_Y0|-T0,TILE_X0|_Y3|_PE_R1_X1|_Y0|-T0,TILE_X1|_Y3|_PE_R1_X1|_Y0|-T0,
,FU0,FU0,FU0,FU0,FU0,FU0,FU0,FU0,FU0,FU0,FU0,FU0,FU0,FU0,FU0,FU0,
,DP0,DP0,DP0,DP0,DP0,DP0,DP0,DP0,DP0,DP0,DP0,DP0,DP0,DP0,DP0,DP0,
T=0,---,5: 12,---,13: 0,---,---,---,---,22: 0,---,1: 4,17: 4,10: 0,---,---,---,
T=1,---,---,---,---,---,---,---,---,---,6: 5,2: 5,18: 5,20020: 1,16: 5,---,---,
T=2,---,7: 6,20019: 6,21: 2,---,---,---,---,8: 10,---,14: 2,11: 6,15: 6,4: 6,---,---,
T=3,---,---,---,12: 7,---,---,---,---,9: 11,---,0: 3,---,---,---,---,---,
************************************
***************Schedule:*********************
L=0,---,---,---,13,---,---,---,---,22,---,---,---,10,---,---,---,
L=1,---,---,---,---,---,---,---,---,---,---,---,---,20020,---,---,---,
L=2,---,---,---,21,---,---,---,---,---,---,14,---,---,---,---,---,
L=3,---,---,---,---,---,---,---,---,---,---,0,---,---,---,---,---,
L=4,---,---,---,---,---,---,---,---,---,---,1,17,---,---,---,---,
L=5,---,---,---,---,---,---,---,---,---,6,2,18,---,16,---,---,
L=6,---,7,20019,---,---,---,---,---,---,---,---,11,15,4,---,---,
L=7,---,---,---,12,---,---,---,---,---,---,---,---,---,---,---,---,
L=8,---,---,---,---,---,---,---,---,---,---,---,---,---,---,---,---,
L=9,---,---,---,---,---,---,---,---,---,---,---,---,---,---,---,---,
L=10,---,---,---,---,---,---,---,---,8,---,---,---,---,---,---,---,
L=11,---,---,---,---,---,---,---,---,9,---,---,---,---,---,---,---,
L=12,---,5,---,---,---,---,---,---,---,---,---,---,---,---,---,---,
